[
  {
    "id": 0,
    "parkingLotId": 0,
    "spotId": 0,
    "spotName": "spot 0",
    "priority": 1
  },
  {
    "id": 1,
    "parkingLotId": 0,
    "spotId": 1,
    "spotName": "spot 1",
    "priority": 23
  },
  {
    "id": 2,
    "parkingLotId": 0,
    "spotId": 2,
    "spotName": "spot 2",
    "priority": 28
  },
  {
    "id": 3,
    "parkingLotId": 0,
    "spotId": 3,
    "spotName": "spot 3",
    "priority": 36
  },
  {
    "id": 4,
    "parkingLotId": 0,
    "spotId": 4,
    "spotName": "spot 4",
    "priority": 20
  },
  {
    "id": 5,
    "parkingLotId": 0,
    "spotId": 5,
    "spotName": "spot 5",
    "priority": 43
  },
  {
    "id": 6,
    "parkingLotId": 0,
    "spotId": 6,
    "spotName": "spot 6",
    "priority": 8
  },
  {
    "id": 7,
    "parkingLotId": 0,
    "spotId": 7,
    "spotName": "spot 7",
    "priority": 4
  },
  {
    "id": 8,
    "parkingLotId": 0,
    "spotId": 8,
    "spotName": "spot 8",
    "priority": 3
  },
  {
    "id": 9,
    "parkingLotId": 0,
    "spotId": 9,
    "spotName": "spot 9",
    "priority": 25
  },
  {
    "id": 10,
    "parkingLotId": 0,
    "spotId": 10,
    "spotName": "spot 10",
    "priority": 26
  },
  {
    "id": 11,
    "parkingLotId": 0,
    "spotId": 11,
    "spotName": "spot 11",
    "priority": 15
  },
  {
    "id": 12,
    "parkingLotId": 0,
    "spotId": 12,
    "spotName": "spot 12",
    "priority": 38
  },
  {
    "id": 13,
    "parkingLotId": 0,
    "spotId": 13,
    "spotName": "spot 13",
    "priority": 6
  },
  {
    "id": 14,
    "parkingLotId": 0,
    "spotId": 14,
    "spotName": "spot 14",
    "priority": 37
  },
  {
    "id": 15,
    "parkingLotId": 0,
    "spotId": 15,
    "spotName": "spot 15",
    "priority": 46
  },
  {
    "id": 16,
    "parkingLotId": 0,
    "spotId": 16,
    "spotName": "spot 16",
    "priority": 36
  },
  {
    "id": 17,
    "parkingLotId": 0,
    "spotId": 17,
    "spotName": "spot 17",
    "priority": 46
  },
  {
    "id": 18,
    "parkingLotId": 0,
    "spotId": 18,
    "spotName": "spot 18",
    "priority": 44
  },
  {
    "id": 19,
    "parkingLotId": 0,
    "spotId": 19,
    "spotName": "spot 19",
    "priority": 31
  },
  {
    "id": 20,
    "parkingLotId": 0,
    "spotId": 20,
    "spotName": "spot 20",
    "priority": 30
  },
  {
    "id": 21,
    "parkingLotId": 0,
    "spotId": 21,
    "spotName": "spot 21",
    "priority": 10
  },
  {
    "id": 22,
    "parkingLotId": 0,
    "spotId": 22,
    "spotName": "spot 22",
    "priority": 2
  },
  {
    "id": 23,
    "parkingLotId": 0,
    "spotId": 23,
    "spotName": "spot 23",
    "priority": 22
  },
  {
    "id": 24,
    "parkingLotId": 0,
    "spotId": 24,
    "spotName": "spot 24",
    "priority": 5
  },
  {
    "id": 25,
    "parkingLotId": 0,
    "spotId": 25,
    "spotName": "spot 25",
    "priority": 10
  },
  {
    "id": 26,
    "parkingLotId": 0,
    "spotId": 26,
    "spotName": "spot 26",
    "priority": 45
  },
  {
    "id": 27,
    "parkingLotId": 0,
    "spotId": 27,
    "spotName": "spot 27",
    "priority": 43
  },
  {
    "id": 28,
    "parkingLotId": 0,
    "spotId": 28,
    "spotName": "spot 28",
    "priority": 11
  },
  {
    "id": 29,
    "parkingLotId": 0,
    "spotId": 29,
    "spotName": "spot 29",
    "priority": 42
  },
  {
    "id": 30,
    "parkingLotId": 0,
    "spotId": 30,
    "spotName": "spot 30",
    "priority": 44
  },
  {
    "id": 31,
    "parkingLotId": 0,
    "spotId": 31,
    "spotName": "spot 31",
    "priority": 1
  },
  {
    "id": 32,
    "parkingLotId": 0,
    "spotId": 32,
    "spotName": "spot 32",
    "priority": 47
  },
  {
    "id": 33,
    "parkingLotId": 0,
    "spotId": 33,
    "spotName": "spot 33",
    "priority": 25
  },
  {
    "id": 34,
    "parkingLotId": 0,
    "spotId": 34,
    "spotName": "spot 34",
    "priority": 0
  },
  {
    "id": 35,
    "parkingLotId": 0,
    "spotId": 35,
    "spotName": "spot 35",
    "priority": 47
  },
  {
    "id": 36,
    "parkingLotId": 0,
    "spotId": 36,
    "spotName": "spot 36",
    "priority": 18
  },
  {
    "id": 37,
    "parkingLotId": 0,
    "spotId": 37,
    "spotName": "spot 37",
    "priority": 20
  },
  {
    "id": 38,
    "parkingLotId": 0,
    "spotId": 38,
    "spotName": "spot 38",
    "priority": 48
  },
  {
    "id": 39,
    "parkingLotId": 0,
    "spotId": 39,
    "spotName": "spot 39",
    "priority": 0
  },
  {
    "id": 40,
    "parkingLotId": 0,
    "spotId": 40,
    "spotName": "spot 40",
    "priority": 1
  },
  {
    "id": 41,
    "parkingLotId": 0,
    "spotId": 41,
    "spotName": "spot 41",
    "priority": 1
  },
  {
    "id": 42,
    "parkingLotId": 0,
    "spotId": 42,
    "spotName": "spot 42",
    "priority": 15
  },
  {
    "id": 43,
    "parkingLotId": 0,
    "spotId": 43,
    "spotName": "spot 43",
    "priority": 16
  },
  {
    "id": 44,
    "parkingLotId": 0,
    "spotId": 44,
    "spotName": "spot 44",
    "priority": 34
  },
  {
    "id": 45,
    "parkingLotId": 0,
    "spotId": 45,
    "spotName": "spot 45",
    "priority": 34
  },
  {
    "id": 46,
    "parkingLotId": 0,
    "spotId": 46,
    "spotName": "spot 46",
    "priority": 4
  },
  {
    "id": 47,
    "parkingLotId": 0,
    "spotId": 47,
    "spotName": "spot 47",
    "priority": 43
  },
  {
    "id": 48,
    "parkingLotId": 0,
    "spotId": 48,
    "spotName": "spot 48",
    "priority": 44
  },
  {
    "id": 49,
    "parkingLotId": 0,
    "spotId": 49,
    "spotName": "spot 49",
    "priority": 43
  },
  {
    "id": 50,
    "parkingLotId": 0,
    "spotId": 50,
    "spotName": "spot 50",
    "priority": 36
  },
  {
    "id": 51,
    "parkingLotId": 0,
    "spotId": 51,
    "spotName": "spot 51",
    "priority": 0
  },
  {
    "id": 52,
    "parkingLotId": 0,
    "spotId": 52,
    "spotName": "spot 52",
    "priority": 0
  },
  {
    "id": 53,
    "parkingLotId": 0,
    "spotId": 53,
    "spotName": "spot 53",
    "priority": 42
  },
  {
    "id": 54,
    "parkingLotId": 0,
    "spotId": 54,
    "spotName": "spot 54",
    "priority": 48
  },
  {
    "id": 55,
    "parkingLotId": 0,
    "spotId": 55,
    "spotName": "spot 55",
    "priority": 1
  },
  {
    "id": 56,
    "parkingLotId": 0,
    "spotId": 56,
    "spotName": "spot 56",
    "priority": 47
  },
  {
    "id": 57,
    "parkingLotId": 0,
    "spotId": 57,
    "spotName": "spot 57",
    "priority": 16
  },
  {
    "id": 58,
    "parkingLotId": 0,
    "spotId": 58,
    "spotName": "spot 58",
    "priority": 33
  },
  {
    "id": 59,
    "parkingLotId": 0,
    "spotId": 59,
    "spotName": "spot 59",
    "priority": 9
  },
  {
    "id": 60,
    "parkingLotId": 0,
    "spotId": 60,
    "spotName": "spot 60",
    "priority": 44
  },
  {
    "id": 61,
    "parkingLotId": 0,
    "spotId": 61,
    "spotName": "spot 61",
    "priority": 22
  },
  {
    "id": 62,
    "parkingLotId": 0,
    "spotId": 62,
    "spotName": "spot 62",
    "priority": 35
  },
  {
    "id": 63,
    "parkingLotId": 0,
    "spotId": 63,
    "spotName": "spot 63",
    "priority": 21
  },
  {
    "id": 64,
    "parkingLotId": 0,
    "spotId": 64,
    "spotName": "spot 64",
    "priority": 1
  },
  {
    "id": 65,
    "parkingLotId": 0,
    "spotId": 65,
    "spotName": "spot 65",
    "priority": 35
  },
  {
    "id": 66,
    "parkingLotId": 0,
    "spotId": 66,
    "spotName": "spot 66",
    "priority": 1
  },
  {
    "id": 67,
    "parkingLotId": 0,
    "spotId": 67,
    "spotName": "spot 67",
    "priority": 24
  },
  {
    "id": 68,
    "parkingLotId": 0,
    "spotId": 68,
    "spotName": "spot 68",
    "priority": 19
  },
  {
    "id": 69,
    "parkingLotId": 0,
    "spotId": 69,
    "spotName": "spot 69",
    "priority": 48
  },
  {
    "id": 70,
    "parkingLotId": 0,
    "spotId": 70,
    "spotName": "spot 70",
    "priority": 28
  },
  {
    "id": 71,
    "parkingLotId": 0,
    "spotId": 71,
    "spotName": "spot 71",
    "priority": 36
  },
  {
    "id": 72,
    "parkingLotId": 0,
    "spotId": 72,
    "spotName": "spot 72",
    "priority": 3
  },
  {
    "id": 73,
    "parkingLotId": 0,
    "spotId": 73,
    "spotName": "spot 73",
    "priority": 4
  },
  {
    "id": 74,
    "parkingLotId": 0,
    "spotId": 74,
    "spotName": "spot 74",
    "priority": 8
  },
  {
    "id": 75,
    "parkingLotId": 0,
    "spotId": 75,
    "spotName": "spot 75",
    "priority": 40
  },
  {
    "id": 76,
    "parkingLotId": 0,
    "spotId": 76,
    "spotName": "spot 76",
    "priority": 14
  },
  {
    "id": 77,
    "parkingLotId": 0,
    "spotId": 77,
    "spotName": "spot 77",
    "priority": 13
  },
  {
    "id": 78,
    "parkingLotId": 0,
    "spotId": 78,
    "spotName": "spot 78",
    "priority": 13
  },
  {
    "id": 79,
    "parkingLotId": 0,
    "spotId": 79,
    "spotName": "spot 79",
    "priority": 41
  },
  {
    "id": 80,
    "parkingLotId": 0,
    "spotId": 80,
    "spotName": "spot 80",
    "priority": 44
  },
  {
    "id": 81,
    "parkingLotId": 0,
    "spotId": 81,
    "spotName": "spot 81",
    "priority": 45
  },
  {
    "id": 82,
    "parkingLotId": 0,
    "spotId": 82,
    "spotName": "spot 82",
    "priority": 2
  },
  {
    "id": 83,
    "parkingLotId": 0,
    "spotId": 83,
    "spotName": "spot 83",
    "priority": 3
  },
  {
    "id": 84,
    "parkingLotId": 0,
    "spotId": 84,
    "spotName": "spot 84",
    "priority": 11
  },
  {
    "id": 85,
    "parkingLotId": 0,
    "spotId": 85,
    "spotName": "spot 85",
    "priority": 24
  },
  {
    "id": 86,
    "parkingLotId": 0,
    "spotId": 86,
    "spotName": "spot 86",
    "priority": 37
  },
  {
    "id": 87,
    "parkingLotId": 0,
    "spotId": 87,
    "spotName": "spot 87",
    "priority": 25
  },
  {
    "id": 88,
    "parkingLotId": 0,
    "spotId": 88,
    "spotName": "spot 88",
    "priority": 45
  },
  {
    "id": 89,
    "parkingLotId": 0,
    "spotId": 89,
    "spotName": "spot 89",
    "priority": 44
  },
  {
    "id": 90,
    "parkingLotId": 0,
    "spotId": 90,
    "spotName": "spot 90",
    "priority": 5
  },
  {
    "id": 91,
    "parkingLotId": 0,
    "spotId": 91,
    "spotName": "spot 91",
    "priority": 20
  },
  {
    "id": 92,
    "parkingLotId": 0,
    "spotId": 92,
    "spotName": "spot 92",
    "priority": 38
  },
  {
    "id": 93,
    "parkingLotId": 0,
    "spotId": 93,
    "spotName": "spot 93",
    "priority": 5
  },
  {
    "id": 94,
    "parkingLotId": 0,
    "spotId": 94,
    "spotName": "spot 94",
    "priority": 25
  },
  {
    "id": 95,
    "parkingLotId": 0,
    "spotId": 95,
    "spotName": "spot 95",
    "priority": 18
  },
  {
    "id": 96,
    "parkingLotId": 0,
    "spotId": 96,
    "spotName": "spot 96",
    "priority": 14
  },
  {
    "id": 97,
    "parkingLotId": 0,
    "spotId": 97,
    "spotName": "spot 97",
    "priority": 9
  },
  {
    "id": 98,
    "parkingLotId": 0,
    "spotId": 98,
    "spotName": "spot 98",
    "priority": 12
  },
  {
    "id": 99,
    "parkingLotId": 0,
    "spotId": 99,
    "spotName": "spot 99",
    "priority": 35
  }

]